Configuration,Recall@1,Recall@5,MRR
Pure BM25 (α=0.0),0.71,0.744,0.7261666666666667
Pure Vector (α=1.0),0.728,0.748,0.7376666666666666
Hybrid (α=0.2),0.72,0.744,0.7303333333333334
Hybrid (α=0.5),0.722,0.744,0.7316666666666667
Hybrid (α=0.8),0.724,0.744,0.7326666666666667
